year,2
slower,1
companies,1
competitors,1
would,3
manufacturing,1
giant,1
because,1
recent,1
disparities,1
margin,1
going,1
past,1
impact,1
then,2
demand,1
benefit,1
as,2
at,1
exposure,1
competitive,2
boost,1
jones,1
hurt,1
much,1
poorly,1
tinto,2
nevertheless,1
deal,1
be,3
ahead,1
hardfought,1
industry,1
aluminum,5
believe,1
two,1
long,1
shares,1
increases,1
into,1
current,1
are,2
taken,1
broader,1
so,2
a,4
though,1
business,1
the,16
to,10
aerospace,1
faces,1
but,1
margins,1
longterm,1
strength,1
putting,1
sharply,1
cant,1
run,1
vulnerable,1
leaves,1
shareprice,1
helped,1
has,3
up,1
export,1
us,2
strengthens,1
contributed,1
realize,1
dji,1
expelled,1
last,1
count,1
its,14
rivals,1
success,1
rises,1
higher,2
some,3
reasons,1
away,1
exports,1
for,5
back,1
effort,1
industrials,1
signs,1
rate,1
stronger,1
gas,8
company,2
over,1
alcoa,10
dramatic,1
yet,3
bhp,2
momentum,1
better,1
with,1
what,1
form,1
2013,1
there,1
paid,1
well,1
risk,1
lobbied,1
rise,1
taking,1
big,1
arguing,1
ago,1
focus,1
hope,1
gains,4
investors,2
when,1
years,3
put,1
number,1
price,2
far,1
decline,1
rio,2
businesses,1
if,1
reduce,1
give,2
still,2
natural,7
lng,1
in,12
players,1
lowest,1
resulting,1
itself,3
highenergy,1
other,2
against,2
portion,1
turnaround,1
minimized,1
dow,1
world,1
premium,1
low,3
have,4
continues,1
course,1
hopes,1
share,1
reliance,1
shareholders,1
could,7
more,1
sell,1
willingness,1
consistent,1
reaping,1
reverse,1
lead,1
off,2
rocketed,1
future,2
industries,1
certain,1
economys,1
almost,1
liquefied,1
several,1
rebounded,1
that,4
growing,1
assets,1
major,1
budding,1
than,2
claim,1
from,4
stock,2
international,1
potential,1
counting,1
all,1
took,1
already,1
level,1
like,1
particular,1
failed,1
pressure,1
less,2
djindices,1
steps,1
market,1
ranks,1
keep,1
position,2
automotive,1
jeopardize,1
since,1
billiton,1
challenges,1
part,1
their,2
recovery,1
around,1
times,1
and,13
of,12
prices,5
profit,1
on,6
costs,2
will,2
advantage,1
performing,1
alcoas,5
build,1
challenge,1
growth,3
productions,1
further,1
strategy,1
